generation,updated_at,mean_v,standard_deviation_v,active_cells,total_cells,steps,daily_generations,cadence_date,event,scheduled_slot
1,2026-09-21T04:33:56.638794+00:00,0.01444056,0.06607923,179,4096,,,,,
2,2026-09-21T04:34:39.661270+00:00,0.0175021,0.07167223,225,4096,,,,,
3,2026-09-21T04:40:18.384346+00:00,0.02076203,0.07718553,266,4096,,,,,
4,2026-09-21T04:41:08.698428+00:00,0.02390705,0.08206995,315,4096,,,,,
5,2026-09-21T04:48:42.629026+00:00,0.02690286,0.08664004,345,4096,,,,,
6,2026-09-21T15:07:11.647054+00:00,0.02991261,0.09083847,388,4096,,,,,
7,2026-09-21T23:18:01.972335+00:00,0.03283826,0.09455578,418,4096,,,,,
8,2026-09-22T07:43:57.191244+00:00,0.03566354,0.0979148,460,4096,,,,,
9,2026-09-22T13:25:47.487501+00:00,0.03839392,0.10095429,487,4096,,,,,
10,2026-09-22T18:06:15.742352+00:00,0.04107904,0.10380563,530,4096,,,,,
11,2026-09-22T22:57:48.586945+00:00,0.04371023,0.10644139,562,4096,,,,,
12,2026-09-23T02:59:47.986933+00:00,0.04633175,0.10895972,598,4096,,,,,
13,2026-09-23T03:01:55.702667+00:00,0.04896373,0.11136352,624,4096,,,,,
14,2026-09-23T13:39:59.124377+00:00,0.05161519,0.11367053,681,4096,,,,,
15,2026-09-23T18:24:46.886736+00:00,0.05435992,0.11597455,690,4096,,,,,
16,2026-09-23T22:57:59.048541+00:00,0.05714302,0.11817303,751,4096,,,,,
17,2026-09-24T07:37:11.313696+00:00,0.06012658,0.12046562,776,4096,,,,,
18,2026-09-24T13:34:11.601142+00:00,0.06324272,0.12271191,821,4096,,,,,
19,2026-09-24T18:26:04.838708+00:00,0.06662095,0.12504331,864,4096,,,,,
20,2026-09-24T23:13:48.034120+00:00,0.07032035,0.12746982,917,4096,,,,,
21,2026-09-25T07:51:06.752215+00:00,0.07439254,0.12995018,966,4096,,,,,
22,2026-09-25T13:49:41.336316+00:00,0.07900453,0.13260384,1020,4096,,,,,
23,2026-09-25T18:38:27.458131+00:00,0.08411525,0.1352652,1104,4096,,,,,
24,2026-09-25T23:19:38.504617+00:00,0.08968912,0.13781818,1175,4096,,,,,
25,2026-09-26T07:44:32.494592+00:00,0.09554502,0.14018615,1240,4096,,,,,
26,2026-09-26T13:07:44.759043+00:00,0.10124927,0.14204948,1328,4096,,,,,
27,2026-09-26T17:46:00.218997+00:00,0.10671222,0.14360107,1394,4096,,,,,
28,2026-09-26T22:53:09.148952+00:00,0.11182384,0.14485803,1464,4096,,,,,
29,2026-09-27T08:13:02.416424+00:00,0.11674955,0.14593617,1544,4096,,,,,
30,2026-09-27T14:00:55.659340+00:00,0.12171915,0.1469266,1596,4096,,,,,
31,2026-09-27T18:26:04.114514+00:00,0.12675251,0.14774724,1674,4096,,,,,
32,2026-09-27T23:04:31.601811+00:00,0.13194548,0.14842587,1732,4096,,,,,
33,2026-09-28T08:43:15.408870+00:00,0.13734801,0.14896588,1801,4096,,,,,
34,2026-09-28T20:34:34.292167+00:00,0.14298615,0.14930594,1884,4096,,,,,
35,2026-09-29T08:33:31.715944+00:00,0.14894076,0.14946046,1952,4096,,,,,
36,2026-09-29T19:26:06.844561+00:00,0.15514599,0.14934141,2041,4096,,,,,
37,2026-09-29T23:44:18.456555+00:00,0.16152708,0.14890182,2124,4096,,,,,
38,2026-09-30T08:36:16.477621+00:00,0.16787156,0.1481288,2204,4096,,,,,
39,2026-09-30T19:22:26.640116+00:00,0.17375755,0.14699744,2281,4096,,,,,
40,2026-09-30T23:51:53.978903+00:00,0.17883572,0.14568959,2347,4096,,,,,
41,2026-10-01T08:58:38.761744+00:00,0.18279733,0.14439396,2413,4096,,,,,
42,2026-10-01T19:26:28.799365+00:00,0.18695618,0.14289042,2475,4096,120,4,2026-10-01,push,
43,2026-10-02T05:35:12.267422+00:00,0.18895744,0.14217958,2496,4096,80,6,2026-10-02,schedule,2026-10-02T04:17Z
44,2026-10-02T14:43:52.451569+00:00,0.19065827,0.14160431,2532,4096,80,6,2026-10-02,schedule,2026-10-02T12:17Z
45,2026-10-02T20:43:40.889408+00:00,0.1921915,0.14108807,2550,4096,80,6,2026-10-02,schedule,2026-10-02T20:17Z
46,2026-10-03T05:17:04.703685+00:00,0.19359662,0.14060016,2563,4096,80,6,2026-10-03,schedule,2026-10-03T04:17Z
47,2026-10-03T13:22:20.500188+00:00,0.19487118,0.14013531,2584,4096,80,6,2026-10-03,schedule,2026-10-03T12:17Z
48,2026-10-03T19:12:57.994382+00:00,0.19599091,0.139698,2590,4096,80,6,2026-10-03,schedule,2026-10-03T16:17Z
49,2026-10-03T23:02:31.623989+00:00,0.19692802,0.13929679,2597,4096,80,6,2026-10-03,schedule,2026-10-03T20:17Z
50,2026-10-04T19:36:14.043281+00:00,0.19804144,0.13877196,2618,4096,120,4,2026-10-04,schedule,2026-10-04T16:17Z
51,2026-10-04T23:08:39.510750+00:00,0.19918096,0.13831205,2642,4096,120,4,2026-10-04,schedule,2026-10-04T20:17Z
52,2026-10-05T05:37:29.317880+00:00,0.19984021,0.13803657,2657,4096,80,6,2026-10-05,schedule,2026-10-05T04:17Z
53,2026-10-05T17:08:13.737278+00:00,0.20023528,0.13807508,2663,4096,80,6,2026-10-05,schedule,2026-10-05T16:17Z
54,2026-10-06T01:17:51.990227+00:00,0.20011628,0.13821263,2647,4096,160,3,2026-10-06,schedule,2026-10-06T00:17Z
55,2026-10-06T11:15:40.457958+00:00,0.20010936,0.13831239,2644,4096,160,3,2026-10-06,schedule,2026-10-06T08:17Z
56,2026-10-06T18:20:52.670596+00:00,0.20001827,0.13841167,2641,4096,160,3,2026-10-06,schedule,2026-10-06T16:17Z
